repository,number,created_at,merged_at,merge_hours,title_length,body_length,author_association,labels_count,additions,deletions,change_size,changed_files,commits,opened_weekday,opened_hour
pandas-dev/pandas,66466,2026-07-25T21:00:56Z,2026-07-26T17:41:14Z,20.671666666666667,52,621,MEMBER,1,2,0,2,1,1,5,21
pandas-dev/pandas,66458,2026-07-25T01:27:25Z,2026-07-25T15:29:17Z,14.03111111111111,51,1143,MEMBER,1,13,5,18,3,1,5,1
pandas-dev/pandas,66457,2026-07-24T23:48:02Z,2026-07-26T19:08:08Z,43.335,40,3556,MEMBER,2,45,6,51,5,4,4,23
pandas-dev/pandas,66454,2026-07-24T20:27:32Z,2026-07-24T22:58:25Z,2.5147222222222223,20,0,MEMBER,1,2622,2596,5218,2,2,4,20
pandas-dev/pandas,66450,2026-07-24T09:35:41Z,2026-07-24T15:44:01Z,6.138888888888889,64,468,MEMBER,1,2,7,9,1,1,4,9
pandas-dev/pandas,66448,2026-07-23T22:13:50Z,2026-07-24T15:45:56Z,17.535,56,1044,MEMBER,1,4,64,68,2,4,3,22
pandas-dev/pandas,66430,2026-07-22T17:57:52Z,2026-07-22T21:08:59Z,3.185277777777778,50,52,MEMBER,1,6,15,21,4,3,2,17
pandas-dev/pandas,66429,2026-07-22T17:40:38Z,2026-07-23T18:19:26Z,24.64666666666667,44,3753,MEMBER,1,226,64,290,15,2,2,17
pandas-dev/pandas,66428,2026-07-22T17:20:16Z,2026-07-22T17:53:37Z,0.5558333333333333,30,36,MEMBER,1,26,0,26,2,2,2,17
pandas-dev/pandas,66427,2026-07-22T16:46:17Z,2026-07-23T01:49:12Z,9.04861111111111,61,1194,MEMBER,2,7,2,9,1,1,2,16
pandas-dev/pandas,66419,2026-07-22T02:27:12Z,2026-07-23T18:12:47Z,39.75972222222222,81,597,MEMBER,2,26,40,66,9,1,2,2
pandas-dev/pandas,66417,2026-07-22T02:26:56Z,2026-07-24T15:47:20Z,61.34,66,480,MEMBER,1,7,1,8,2,1,2,2
pandas-dev/pandas,66416,2026-07-22T02:26:48Z,2026-07-23T18:13:14Z,39.77388888888889,77,828,MEMBER,1,3,4,7,2,1,2,2
pandas-dev/pandas,66415,2026-07-22T01:02:19Z,2026-07-22T02:17:15Z,1.248888888888889,64,887,MEMBER,2,19,2,21,3,1,2,1
pandas-dev/pandas,66414,2026-07-22T00:46:20Z,2026-07-22T01:15:38Z,0.48833333333333334,54,986,CONTRIBUTOR,1,2,2,4,1,1,2,0
pandas-dev/pandas,66408,2026-07-21T15:45:17Z,2026-07-24T20:59:28Z,77.23638888888888,64,1123,MEMBER,0,61,23,84,2,2,1,15
pandas-dev/pandas,66403,2026-07-21T01:05:46Z,2026-07-21T15:09:17Z,14.05861111111111,78,1609,MEMBER,3,27,1,28,3,1,1,1
pandas-dev/pandas,66402,2026-07-21T00:20:25Z,2026-07-21T21:02:20Z,20.698611111111113,75,1523,MEMBER,4,24,3,27,3,2,1,0
pandas-dev/pandas,66401,2026-07-20T22:30:18Z,2026-07-21T21:03:02Z,22.545555555555556,74,722,MEMBER,2,19,4,23,3,2,0,22
pandas-dev/pandas,66399,2026-07-20T21:59:36Z,2026-07-24T21:03:38Z,95.06722222222223,84,2458,MEMBER,3,26,20,46,4,3,0,21
pandas-dev/pandas,66398,2026-07-20T21:03:21Z,2026-07-21T01:14:59Z,4.193888888888889,58,1064,MEMBER,1,666,0,666,24,3,0,21
pandas-dev/pandas,66397,2026-07-20T20:41:29Z,2026-07-23T18:19:51Z,69.63944444444445,42,2273,MEMBER,7,104,8,112,10,1,0,20
pandas-dev/pandas,66394,2026-07-20T18:48:28Z,2026-07-20T20:56:58Z,2.1416666666666666,89,2376,MEMBER,3,168,2,170,5,1,0,18
pandas-dev/pandas,66392,2026-07-20T15:46:04Z,2026-07-20T20:37:06Z,4.850555555555555,62,1095,MEMBER,0,55,1,56,2,3,0,15
pandas-dev/pandas,66388,2026-07-20T08:15:46Z,2026-07-24T19:11:00Z,106.92055555555555,43,7782,CONTRIBUTOR,2,1,1,2,1,3,0,8
pandas-dev/pandas,66387,2026-07-20T08:15:42Z,2026-07-24T16:03:00Z,103.78833333333333,52,10696,CONTRIBUTOR,2,1,1,2,1,1,0,8
pandas-dev/pandas,66386,2026-07-20T08:15:34Z,2026-07-24T15:59:32Z,103.73277777777778,55,10708,CONTRIBUTOR,2,1,1,2,1,1,0,8
pandas-dev/pandas,66385,2026-07-20T08:15:24Z,2026-07-24T17:55:58Z,105.67611111111111,54,4364,CONTRIBUTOR,2,1,1,2,1,3,0,8
pandas-dev/pandas,66384,2026-07-20T08:15:18Z,2026-07-24T19:10:01Z,106.91194444444444,45,6893,CONTRIBUTOR,2,6,6,12,4,3,0,8
pandas-dev/pandas,66365,2026-07-19T05:19:29Z,2026-07-20T18:23:32Z,37.0675,20,38089,CONTRIBUTOR,1,5375,5771,11146,9,7,6,5
pandas-dev/pandas,66363,2026-07-18T16:18:56Z,2026-07-20T21:25:37Z,53.11138888888889,75,951,CONTRIBUTOR,0,1,1,2,1,1,5,16
pandas-dev/pandas,66355,2026-07-16T15:38:30Z,2026-07-17T21:59:16Z,30.34611111111111,53,13,CONTRIBUTOR,1,101,40,141,6,6,3,15
pandas-dev/pandas,66339,2026-07-15T05:43:25Z,2026-07-22T15:24:23Z,177.68277777777777,67,1592,MEMBER,0,23,8,31,5,1,2,5
pandas-dev/pandas,66338,2026-07-15T04:53:20Z,2026-07-22T15:25:10Z,178.53055555555557,57,1916,MEMBER,0,117,1,118,3,4,2,4
pandas-dev/pandas,66335,2026-07-14T17:48:30Z,2026-07-14T18:59:26Z,1.1822222222222223,69,1613,MEMBER,0,2,0,2,2,1,1,17
pandas-dev/pandas,66332,2026-07-14T14:43:07Z,2026-07-15T00:30:21Z,9.787222222222223,71,1298,MEMBER,3,94,1,95,3,1,1,14
pandas-dev/pandas,66331,2026-07-14T14:41:36Z,2026-07-14T22:01:51Z,7.3375,72,1058,MEMBER,3,70,2,72,5,1,1,14
pandas-dev/pandas,66330,2026-07-14T14:41:09Z,2026-07-14T17:37:08Z,2.9330555555555557,116,1438,MEMBER,3,322,15,337,3,1,1,14
pandas-dev/pandas,66328,2026-07-13T22:10:20Z,2026-07-15T01:33:43Z,27.389722222222222,79,1302,MEMBER,2,68,8,76,2,2,0,22
pandas-dev/pandas,66327,2026-07-13T22:10:05Z,2026-07-17T00:48:52Z,74.6463888888889,84,1028,MEMBER,2,41,0,41,2,1,0,22
pandas-dev/pandas,66326,2026-07-13T22:08:03Z,2026-07-14T15:16:29Z,17.140555555555554,92,1420,MEMBER,3,80,13,93,3,1,0,22
pandas-dev/pandas,66325,2026-07-13T22:07:06Z,2026-07-14T17:38:32Z,19.523888888888887,82,953,MEMBER,2,101,2,103,3,1,0,22
pandas-dev/pandas,66324,2026-07-13T22:05:15Z,2026-07-14T19:28:45Z,21.391666666666666,73,429,MEMBER,1,3,2,5,1,1,0,22
pandas-dev/pandas,66323,2026-07-13T22:04:06Z,2026-07-14T15:15:39Z,17.1925,75,1153,MEMBER,2,35,13,48,2,1,0,22
pandas-dev/pandas,66322,2026-07-13T22:03:18Z,2026-07-15T00:19:37Z,26.271944444444443,76,1747,MEMBER,3,44,17,61,4,1,0,22
pandas-dev/pandas,66321,2026-07-13T22:02:36Z,2026-07-16T19:52:31Z,69.83194444444445,78,1095,MEMBER,2,69,2,71,4,3,0,22
pandas-dev/pandas,66320,2026-07-13T22:02:15Z,2026-07-15T01:44:02Z,27.69638888888889,73,949,MEMBER,2,15,2,17,2,1,0,22
pandas-dev/pandas,66319,2026-07-13T20:35:51Z,2026-07-14T14:49:57Z,18.235,100,755,MEMBER,0,43,6,49,5,1,0,20
pandas-dev/pandas,66317,2026-07-13T15:22:15Z,2026-07-13T17:08:56Z,1.7780555555555555,83,2025,MEMBER,3,69,18,87,4,1,0,15
pandas-dev/pandas,66316,2026-07-13T08:16:27Z,2026-07-13T15:02:45Z,6.7716666666666665,40,3490,CONTRIBUTOR,2,1,1,2,1,1,0,8
pandas-dev/pandas,66315,2026-07-13T08:16:04Z,2026-07-13T15:03:18Z,6.787222222222222,52,11554,CONTRIBUTOR,2,1,1,2,1,1,0,8
pandas-dev/pandas,66314,2026-07-13T08:15:53Z,2026-07-13T15:03:41Z,6.796666666666667,57,11526,CONTRIBUTOR,2,1,1,2,1,1,0,8
pandas-dev/pandas,66313,2026-07-13T08:15:44Z,2026-07-13T15:05:30Z,6.829444444444444,55,9993,CONTRIBUTOR,2,1,1,2,1,1,0,8
pandas-dev/pandas,66312,2026-07-13T01:40:17Z,2026-07-13T15:58:30Z,14.303611111111111,104,974,MEMBER,3,19,2,21,3,1,0,1
pandas-dev/pandas,66311,2026-07-13T01:14:54Z,2026-07-19T21:48:24Z,164.55833333333334,48,2217,MEMBER,1,300,21,321,20,3,0,1
pandas-dev/pandas,66309,2026-07-12T19:24:03Z,2026-07-13T00:53:07Z,5.484444444444445,60,552,MEMBER,0,14,0,14,1,1,6,19
pandas-dev/pandas,66308,2026-07-12T19:10:46Z,2026-07-20T18:16:22Z,191.09333333333333,42,1920,MEMBER,1,134,9,143,14,2,6,19
pandas-dev/pandas,66307,2026-07-12T18:39:06Z,2026-07-14T14:37:36Z,43.975,56,1127,MEMBER,2,152,21,173,12,6,6,18
pandas-dev/pandas,66306,2026-07-12T18:38:42Z,2026-07-13T00:52:34Z,6.231111111111111,69,1423,MEMBER,3,74,1,75,4,1,6,18
pandas-dev/pandas,66305,2026-07-12T18:30:09Z,2026-07-12T19:18:38Z,0.8080555555555555,61,802,MEMBER,2,14,0,14,3,1,6,18
pandas-dev/pandas,66300,2026-07-12T05:20:20Z,2026-07-12T18:54:06Z,13.562777777777777,20,23461,CONTRIBUTOR,1,2964,2685,5649,1,1,6,5
pandas-dev/pandas,66286,2026-07-11T00:32:41Z,2026-07-11T03:43:27Z,3.1794444444444445,49,346,MEMBER,1,20,12,32,5,2,5,0
pandas-dev/pandas,66280,2026-07-10T15:43:51Z,2026-07-10T16:33:35Z,0.8288888888888889,36,165,MEMBER,1,1,1,2,1,2,4,15
pandas-dev/pandas,66279,2026-07-10T15:36:21Z,2026-07-19T18:52:10Z,219.26361111111112,67,2505,MEMBER,2,357,9,366,4,2,4,15
pandas-dev/pandas,66278,2026-07-10T14:50:09Z,2026-07-20T20:37:43Z,245.7927777777778,84,2412,MEMBER,2,219,76,295,4,2,4,14
pandas-dev/pandas,66275,2026-07-10T14:49:36Z,2026-07-20T21:35:13Z,246.7602777777778,58,3476,MEMBER,2,350,40,390,6,9,4,14
pandas-dev/pandas,66274,2026-07-10T14:49:11Z,2026-07-26T19:09:17Z,388.335,52,1982,MEMBER,2,496,0,496,3,10,4,14
pandas-dev/pandas,66273,2026-07-10T14:49:09Z,2026-07-19T21:49:07Z,222.99944444444444,57,935,MEMBER,2,164,21,185,2,2,4,14
pandas-dev/pandas,66272,2026-07-10T14:48:40Z,2026-07-14T15:34:56Z,96.77111111111111,59,952,MEMBER,2,19,4,23,3,4,4,14
pandas-dev/pandas,66271,2026-07-10T14:48:38Z,2026-07-14T19:27:55Z,100.65472222222222,67,1041,MEMBER,2,23,13,36,2,2,4,14
pandas-dev/pandas,66267,2026-07-10T11:15:53Z,2026-07-13T21:46:26Z,82.50916666666667,88,1773,MEMBER,0,408,91,499,4,5,4,11
pandas-dev/pandas,66258,2026-07-10T00:34:12Z,2026-07-13T21:23:18Z,92.81833333333333,71,1012,CONTRIBUTOR,0,57,0,57,4,1,4,0
pandas-dev/pandas,66256,2026-07-10T00:29:21Z,2026-07-10T15:40:23Z,15.18388888888889,40,956,MEMBER,1,9,9,18,1,2,4,0
pandas-dev/pandas,66254,2026-07-09T22:23:50Z,2026-07-14T21:32:12Z,119.13944444444445,89,1290,MEMBER,2,106,34,140,3,5,3,22
pandas-dev/pandas,66253,2026-07-09T22:19:11Z,2026-07-19T18:50:42Z,236.52527777777777,84,2821,MEMBER,3,204,15,219,7,3,3,22
pandas-dev/pandas,66252,2026-07-09T22:04:46Z,2026-07-16T01:31:21Z,147.44305555555556,75,1296,MEMBER,3,36,6,42,3,1,3,22
pandas-dev/pandas,66251,2026-07-09T21:58:18Z,2026-07-16T14:32:14Z,160.56555555555556,61,1460,MEMBER,4,105,3,108,4,1,3,21
pandas-dev/pandas,66250,2026-07-09T21:49:13Z,2026-07-15T21:05:00Z,143.26305555555555,113,1636,MEMBER,3,111,4,115,3,2,3,21
pandas-dev/pandas,66249,2026-07-09T21:49:09Z,2026-07-11T16:27:58Z,42.64694444444444,79,1140,MEMBER,2,45,5,50,3,1,3,21
pandas-dev/pandas,66248,2026-07-09T21:48:45Z,2026-07-11T16:29:42Z,42.6825,74,573,MEMBER,2,28,1,29,2,1,3,21
pandas-dev/pandas,66247,2026-07-09T21:48:43Z,2026-07-11T16:31:21Z,42.71055555555556,90,1393,MEMBER,2,60,7,67,4,1,3,21
pandas-dev/pandas,66246,2026-07-09T21:48:09Z,2026-07-11T21:37:53Z,47.82888888888889,96,1037,MEMBER,3,46,0,46,3,2,3,21
pandas-dev/pandas,66245,2026-07-09T21:47:36Z,2026-07-11T16:25:16Z,42.62777777777778,69,1095,MEMBER,2,21,1,22,2,1,3,21
pandas-dev/pandas,66244,2026-07-09T21:46:43Z,2026-07-16T14:31:25Z,160.745,92,1057,MEMBER,2,76,1,77,2,3,3,21
pandas-dev/pandas,66243,2026-07-09T21:46:08Z,2026-07-17T21:08:53Z,191.37916666666666,65,1040,MEMBER,4,45,14,59,3,1,3,21
pandas-dev/pandas,66242,2026-07-09T21:46:08Z,2026-07-11T16:34:15Z,42.801944444444445,70,1613,MEMBER,2,22,0,22,2,1,3,21
pandas-dev/pandas,66240,2026-07-09T21:04:35Z,2026-07-21T20:39:09Z,287.5761111111111,75,1195,MEMBER,2,101,7,108,13,3,3,21
pandas-dev/pandas,66239,2026-07-09T20:50:32Z,2026-07-15T17:03:41Z,140.21916666666667,67,1482,MEMBER,2,68,28,96,6,25,3,20
pandas-dev/pandas,66231,2026-07-09T03:08:40Z,2026-07-11T17:34:25Z,62.42916666666667,87,1113,MEMBER,2,140,3,143,8,1,3,3
pandas-dev/pandas,66230,2026-07-09T03:07:47Z,2026-07-14T22:47:35Z,139.66333333333333,69,812,MEMBER,3,71,23,94,2,1,3,3
pandas-dev/pandas,66229,2026-07-09T03:07:35Z,2026-07-14T22:13:31Z,139.0988888888889,66,1479,MEMBER,2,143,20,163,6,3,3,3
pandas-dev/pandas,66228,2026-07-09T03:04:24Z,2026-07-11T18:25:15Z,63.3475,85,1203,MEMBER,2,56,12,68,3,3,3,3
pandas-dev/pandas,66227,2026-07-09T03:04:04Z,2026-07-11T18:24:53Z,63.346944444444446,75,1274,MEMBER,3,58,4,62,4,1,3,3
pandas-dev/pandas,66226,2026-07-09T03:03:41Z,2026-07-10T19:50:48Z,40.78527777777778,78,622,MEMBER,2,20,0,20,3,1,3,3
pandas-dev/pandas,66225,2026-07-09T03:03:26Z,2026-07-10T14:37:05Z,35.560833333333335,75,744,MEMBER,3,141,13,154,3,3,3,3
pandas-dev/pandas,66224,2026-07-09T02:15:52Z,2026-07-12T18:43:01Z,88.4525,74,955,MEMBER,2,40,8,48,1,1,3,2
pandas-dev/pandas,66223,2026-07-09T01:09:04Z,2026-07-09T17:29:26Z,16.339444444444446,68,1466,MEMBER,2,76,7,83,6,1,3,1
pandas-dev/pandas,66222,2026-07-09T01:02:14Z,2026-07-15T21:15:04Z,164.2138888888889,69,1250,MEMBER,2,188,47,235,4,3,3,1
pandas-dev/pandas,66221,2026-07-09T01:01:24Z,2026-07-11T21:49:33Z,68.8025,87,1787,MEMBER,4,24,3,27,2,2,3,1
pandas-dev/pandas,66219,2026-07-09T00:54:16Z,2026-07-20T00:28:03Z,263.56305555555554,91,1345,MEMBER,2,58,4,62,3,4,3,0
pandas-dev/pandas,66218,2026-07-09T00:52:36Z,2026-07-11T16:57:48Z,64.08666666666667,62,1144,MEMBER,4,94,4,98,2,1,3,0
pandas-dev/pandas,66217,2026-07-09T00:46:10Z,2026-07-09T17:32:49Z,16.7775,83,953,MEMBER,2,31,3,34,2,1,3,0
pandas-dev/pandas,66216,2026-07-09T00:43:12Z,2026-07-09T17:30:58Z,16.79611111111111,94,540,MEMBER,2,29,6,35,3,1,3,0
pandas-dev/pandas,66214,2026-07-08T21:42:44Z,2026-07-10T10:57:35Z,37.2475,70,1441,CONTRIBUTOR,2,38,10,48,3,1,2,21
pandas-dev/pandas,66213,2026-07-08T21:25:18Z,2026-07-20T00:32:39Z,267.1225,94,1363,MEMBER,2,103,21,124,11,2,2,21
pandas-dev/pandas,66212,2026-07-08T18:38:40Z,2026-07-08T21:02:16Z,2.3933333333333335,73,740,MEMBER,1,3,1,4,1,1,2,18
pandas-dev/pandas,66206,2026-07-08T04:29:52Z,2026-07-08T21:43:48Z,17.232222222222223,54,1537,CONTRIBUTOR,0,14,4,18,1,2,2,4
pandas-dev/pandas,66200,2026-07-07T18:15:04Z,2026-07-08T21:08:53Z,26.896944444444443,60,730,CONTRIBUTOR,0,12,1,13,4,3,1,18
pandas-dev/pandas,66198,2026-07-07T17:12:43Z,2026-07-08T21:12:17Z,27.99277777777778,66,1546,CONTRIBUTOR,0,2,6,8,1,1,1,17
pandas-dev/pandas,66196,2026-07-07T16:11:19Z,2026-07-07T19:12:07Z,3.013333333333333,60,859,MEMBER,2,6,3,9,3,1,1,16
pandas-dev/pandas,66189,2026-07-07T08:04:20Z,2026-07-07T16:40:15Z,8.598611111111111,70,1001,CONTRIBUTOR,0,2,0,2,1,2,1,8
pandas-dev/pandas,66188,2026-07-07T07:51:31Z,2026-07-07T16:23:16Z,8.529166666666667,57,1203,CONTRIBUTOR,0,10,8,18,1,2,1,7
pandas-dev/pandas,66186,2026-07-06T21:33:03Z,2026-07-07T17:34:06Z,20.0175,109,739,MEMBER,1,28,4,32,1,1,0,21
pandas-dev/pandas,66185,2026-07-06T21:14:09Z,2026-07-14T22:43:05Z,193.48222222222222,68,1464,MEMBER,4,83,12,95,4,4,0,21
pandas-dev/pandas,66184,2026-07-06T20:55:15Z,2026-07-07T16:42:19Z,19.784444444444443,64,916,MEMBER,2,17,10,27,1,2,0,20
pandas-dev/pandas,66183,2026-07-06T20:55:00Z,2026-07-16T01:51:58Z,220.94944444444445,69,1020,MEMBER,3,78,6,84,4,2,0,20
pandas-dev/pandas,66182,2026-07-06T20:50:10Z,2026-07-09T00:22:55Z,51.545833333333334,61,598,MEMBER,2,18,0,18,2,3,0,20
pandas-dev/pandas,66181,2026-07-06T20:49:55Z,2026-07-07T15:56:26Z,19.10861111111111,52,714,MEMBER,2,17,1,18,3,2,0,20
pandas-dev/pandas,66180,2026-07-06T20:49:19Z,2026-07-16T01:00:19Z,220.18333333333334,101,1652,MEMBER,2,49,3,52,6,3,0,20
pandas-dev/pandas,66179,2026-07-06T20:49:16Z,2026-07-09T00:14:39Z,51.42305555555556,71,879,MEMBER,2,42,1,43,2,4,0,20
pandas-dev/pandas,66178,2026-07-06T20:31:10Z,2026-07-08T21:47:38Z,49.27444444444444,38,1196,MEMBER,1,1,2,3,1,1,0,20
pandas-dev/pandas,66175,2026-07-06T17:36:36Z,2026-07-16T14:31:49Z,236.92027777777778,85,1257,MEMBER,3,50,14,64,2,3,0,17
pandas-dev/pandas,66174,2026-07-06T17:36:18Z,2026-07-14T21:30:13Z,195.8986111111111,83,1062,MEMBER,5,67,18,85,2,3,0,17
pandas-dev/pandas,66173,2026-07-06T17:35:37Z,2026-07-16T19:53:04Z,242.29083333333332,81,765,MEMBER,2,102,4,106,2,3,0,17
pandas-dev/pandas,66172,2026-07-06T17:35:14Z,2026-07-13T00:51:19Z,151.26805555555555,86,1038,MEMBER,2,25,10,35,2,3,0,17
pandas-dev/pandas,66171,2026-07-06T17:35:03Z,2026-07-08T21:14:32Z,51.658055555555556,84,1125,MEMBER,4,21,1,22,3,2,0,17
pandas-dev/pandas,66169,2026-07-06T16:50:33Z,2026-07-06T21:19:40Z,4.485277777777778,72,1735,MEMBER,2,21,4,25,1,4,0,16
pandas-dev/pandas,66168,2026-07-06T16:32:10Z,2026-07-06T17:52:23Z,1.3369444444444445,37,326,CONTRIBUTOR,1,67,67,134,11,2,0,16
pandas-dev/pandas,66167,2026-07-06T15:21:49Z,2026-07-11T23:32:23Z,128.1761111111111,73,821,MEMBER,2,55,0,55,1,1,0,15
pandas-dev/pandas,66166,2026-07-06T15:18:02Z,2026-07-11T21:44:51Z,126.44694444444444,95,972,MEMBER,2,22,0,22,2,2,0,15
pandas-dev/pandas,66165,2026-07-06T15:15:27Z,2026-07-07T16:55:40Z,25.670277777777777,72,1239,MEMBER,3,79,7,86,2,2,0,15
pandas-dev/pandas,66163,2026-07-06T15:09:49Z,2026-07-16T01:52:44Z,226.71527777777777,74,1486,MEMBER,3,34,4,38,2,2,0,15
pandas-dev/pandas,66162,2026-07-06T15:07:02Z,2026-07-07T16:56:10Z,25.81888888888889,96,1224,MEMBER,2,35,4,39,3,2,0,15
pandas-dev/pandas,66161,2026-07-06T14:58:02Z,2026-07-08T18:42:24Z,51.739444444444445,80,1022,MEMBER,2,36,5,41,3,3,0,14
pandas-dev/pandas,66160,2026-07-06T14:54:41Z,2026-07-07T16:07:52Z,25.219722222222224,70,818,MEMBER,2,36,0,36,2,2,0,14
pandas-dev/pandas,66159,2026-07-06T08:13:57Z,2026-07-06T16:18:37Z,8.077777777777778,49,4950,CONTRIBUTOR,2,1,1,2,1,1,0,8
pandas-dev/pandas,66158,2026-07-06T08:13:54Z,2026-07-06T17:51:52Z,9.632777777777777,47,4162,CONTRIBUTOR,2,2,2,4,2,2,0,8
pandas-dev/pandas,66157,2026-07-06T08:13:51Z,2026-07-06T16:27:04Z,8.220277777777778,55,8310,CONTRIBUTOR,2,1,1,2,1,1,0,8
pandas-dev/pandas,66156,2026-07-06T08:13:42Z,2026-07-06T17:13:13Z,8.991944444444444,41,14840,CONTRIBUTOR,2,1,1,2,1,2,0,8
pandas-dev/pandas,66155,2026-07-06T08:13:32Z,2026-07-06T15:41:58Z,7.473888888888889,57,9843,CONTRIBUTOR,2,1,1,2,1,1,0,8
pandas-dev/pandas,66154,2026-07-06T02:56:09Z,2026-07-06T16:53:44Z,13.959722222222222,77,589,MEMBER,2,1,1,2,1,1,0,2
pandas-dev/pandas,66150,2026-07-05T11:40:52Z,2026-07-06T15:11:53Z,27.516944444444444,52,869,CONTRIBUTOR,0,5,0,5,1,2,6,11
pandas-dev/pandas,66147,2026-07-05T05:34:40Z,2026-07-06T19:11:22Z,37.611666666666665,20,59798,CONTRIBUTOR,1,7538,5716,13254,3,5,6,5
pandas-dev/pandas,66145,2026-07-04T17:26:08Z,2026-07-20T20:42:52Z,387.2788888888889,76,1050,MEMBER,3,151,55,206,7,5,5,17
pandas-dev/pandas,66144,2026-07-04T17:24:30Z,2026-07-06T18:12:44Z,48.80388888888889,72,1718,MEMBER,2,260,1,261,3,3,5,17
pandas-dev/pandas,66137,2026-07-03T11:39:37Z,2026-07-08T15:59:41Z,124.33444444444444,47,488,CONTRIBUTOR,0,3,3,6,2,2,4,11
pandas-dev/pandas,66136,2026-07-03T09:05:46Z,2026-07-15T02:58:59Z,281.88694444444445,56,1983,CONTRIBUTOR,3,33,2,35,3,7,4,9
pandas-dev/pandas,66131,2026-07-02T21:14:46Z,2026-07-19T18:59:23Z,405.74361111111114,68,2624,MEMBER,2,138,5,143,4,8,3,21
pandas-dev/pandas,66127,2026-07-02T17:34:59Z,2026-07-19T15:50:00Z,406.2502777777778,52,1799,MEMBER,3,69,70,139,4,3,3,17
pandas-dev/pandas,66125,2026-07-02T17:16:26Z,2026-07-20T00:25:43Z,415.15472222222223,54,1311,MEMBER,2,302,5,307,7,4,3,17
streamlit/streamlit,16174,2026-07-24T20:13:46Z,2026-07-24T22:25:30Z,2.1955555555555555,43,3030,CONTRIBUTOR,3,3,3,6,1,1,4,20
streamlit/streamlit,16156,2026-07-24T10:10:33Z,2026-07-24T11:28:44Z,1.3030555555555556,36,1251,CONTRIBUTOR,0,1,10,11,1,1,4,10
streamlit/streamlit,16151,2026-07-24T08:38:56Z,2026-07-27T06:40:17Z,70.0225,40,1090,COLLABORATOR,2,67,0,67,2,1,4,8
streamlit/streamlit,16147,2026-07-23T22:38:23Z,2026-07-27T07:02:30Z,80.40194444444444,39,1032,COLLABORATOR,2,141,3,144,4,5,3,22
streamlit/streamlit,16146,2026-07-23T22:23:53Z,2026-07-26T09:21:09Z,58.95444444444445,52,1499,COLLABORATOR,2,143,2,145,4,4,3,22
streamlit/streamlit,16144,2026-07-23T22:10:31Z,2026-07-24T22:23:48Z,24.22138888888889,59,1234,COLLABORATOR,2,105,4,109,2,1,3,22
streamlit/streamlit,16143,2026-07-23T21:34:09Z,2026-07-23T21:36:59Z,0.04722222222222222,43,1416,CONTRIBUTOR,0,0,0,0,128,1,3,21
streamlit/streamlit,16140,2026-07-23T14:57:36Z,2026-07-24T07:14:18Z,16.278333333333332,60,2655,CONTRIBUTOR,2,23,15,38,2,4,3,14
streamlit/streamlit,16138,2026-07-23T10:09:53Z,2026-07-24T08:38:10Z,22.47138888888889,54,9071,CONTRIBUTOR,3,44,21,65,7,3,3,10
streamlit/streamlit,16132,2026-07-23T09:09:03Z,2026-07-23T21:34:29Z,12.42388888888889,56,1218,COLLABORATOR,2,287,19,306,7,3,3,9
streamlit/streamlit,16125,2026-07-22T15:56:44Z,2026-07-22T17:38:31Z,1.696388888888889,55,5086,CONTRIBUTOR,2,392,5,397,1,1,2,15
streamlit/streamlit,16124,2026-07-22T15:45:05Z,2026-07-22T17:35:15Z,1.836111111111111,53,4983,CONTRIBUTOR,2,471,2,473,1,1,2,15
streamlit/streamlit,16123,2026-07-22T12:29:08Z,2026-07-22T17:38:46Z,5.160555555555556,43,966,COLLABORATOR,2,98,0,98,2,1,2,12
streamlit/streamlit,16122,2026-07-22T12:13:10Z,2026-07-22T17:38:55Z,5.429166666666666,45,1042,COLLABORATOR,2,116,33,149,2,2,2,12
streamlit/streamlit,16121,2026-07-22T10:54:41Z,2026-07-22T13:23:31Z,2.4805555555555556,63,965,COLLABORATOR,2,0,108,108,4,1,2,10
streamlit/streamlit,16120,2026-07-22T10:50:48Z,2026-07-22T11:09:37Z,0.3136111111111111,47,9946,CONTRIBUTOR,3,3,3,6,1,1,2,10
streamlit/streamlit,16119,2026-07-22T10:50:45Z,2026-07-22T11:08:57Z,0.30333333333333334,48,4656,CONTRIBUTOR,3,3,3,6,1,1,2,10
streamlit/streamlit,16118,2026-07-22T10:11:57Z,2026-07-22T11:04:38Z,0.8780555555555556,63,11503,CONTRIBUTOR,3,14,14,28,3,1,2,10
streamlit/streamlit,16117,2026-07-22T10:09:46Z,2026-07-22T10:43:11Z,0.5569444444444445,36,1081,CONTRIBUTOR,0,1,1,2,1,1,2,10
streamlit/streamlit,16115,2026-07-22T10:07:09Z,2026-07-22T10:49:12Z,0.7008333333333333,87,10553,CONTRIBUTOR,3,104,104,208,2,1,2,10
streamlit/streamlit,16112,2026-07-22T10:05:32Z,2026-07-22T11:04:56Z,0.99,50,40298,CONTRIBUTOR,3,89,89,178,3,2,2,10
streamlit/streamlit,16110,2026-07-21T20:26:33Z,2026-07-22T19:44:20Z,23.296388888888888,23,1073,CONTRIBUTOR,2,8,8,16,8,1,1,20
streamlit/streamlit,16108,2026-07-21T10:13:15Z,2026-07-21T10:39:58Z,0.4452777777777778,36,1399,CONTRIBUTOR,0,378,378,756,133,1,1,10
streamlit/streamlit,16107,2026-07-21T10:10:01Z,2026-07-21T10:39:53Z,0.49777777777777776,36,1217,CONTRIBUTOR,0,2,79,81,1,1,1,10
streamlit/streamlit,16106,2026-07-21T10:09:43Z,2026-07-21T13:52:24Z,3.711388888888889,78,8690,CONTRIBUTOR,3,6,6,12,2,1,1,10
streamlit/streamlit,16105,2026-07-21T10:09:29Z,2026-07-21T15:01:23Z,4.865,33,12297,CONTRIBUTOR,3,8,3,11,2,4,1,10
streamlit/streamlit,16101,2026-07-21T10:05:54Z,2026-07-21T13:52:44Z,3.7805555555555554,60,9043,CONTRIBUTOR,3,28,28,56,7,2,1,10
streamlit/streamlit,16100,2026-07-21T10:04:54Z,2026-07-21T13:54:06Z,3.82,88,14312,CONTRIBUTOR,3,132,132,264,2,1,1,10
streamlit/streamlit,16099,2026-07-21T07:45:41Z,2026-07-21T08:05:49Z,0.33555555555555555,43,4175,CONTRIBUTOR,3,3,3,6,1,1,1,7
streamlit/streamlit,16098,2026-07-21T07:22:37Z,2026-07-21T13:42:17Z,6.3277777777777775,30,821,CONTRIBUTOR,2,3,3,6,1,1,1,7
streamlit/streamlit,16096,2026-07-21T03:48:06Z,2026-07-24T20:35:00Z,88.78166666666667,37,2431,COLLABORATOR,2,954,45,999,8,11,1,3
streamlit/streamlit,16095,2026-07-21T01:41:37Z,2026-07-21T07:44:07Z,6.041666666666667,55,5196,CONTRIBUTOR,3,3,3,6,1,1,1,1
streamlit/streamlit,16093,2026-07-20T22:25:43Z,2026-07-21T01:36:19Z,3.1766666666666667,43,1457,CONTRIBUTOR,0,0,0,0,340,1,0,22
streamlit/streamlit,16092,2026-07-20T22:03:04Z,2026-07-20T22:10:20Z,0.12111111111111111,43,1636,CONTRIBUTOR,0,0,0,0,6,1,0,22
streamlit/streamlit,16090,2026-07-20T21:30:40Z,2026-07-26T20:47:41Z,143.2836111111111,53,2645,CONTRIBUTOR,2,244,30,274,6,9,0,21
streamlit/streamlit,16088,2026-07-20T21:30:01Z,2026-07-21T13:47:40Z,16.294166666666666,58,2303,CONTRIBUTOR,2,127,8,135,3,2,0,21
streamlit/streamlit,16087,2026-07-20T19:46:01Z,2026-07-21T13:47:14Z,18.02027777777778,44,3509,CONTRIBUTOR,2,112,6,118,2,5,0,19
streamlit/streamlit,16084,2026-07-20T13:09:41Z,2026-07-21T17:27:00Z,28.288611111111113,48,709,COLLABORATOR,2,282,0,282,1,2,0,13
streamlit/streamlit,16083,2026-07-20T12:46:30Z,2026-07-20T13:09:01Z,0.37527777777777777,55,8628,CONTRIBUTOR,3,10,61,71,1,1,0,12
streamlit/streamlit,16082,2026-07-20T10:13:22Z,2026-07-20T12:39:48Z,2.4405555555555556,54,4204,CONTRIBUTOR,3,8,9,17,2,1,0,10
streamlit/streamlit,16081,2026-07-20T10:11:56Z,2026-07-20T12:40:14Z,2.4716666666666667,63,5890,CONTRIBUTOR,3,9,9,18,2,1,0,10
streamlit/streamlit,16080,2026-07-20T10:10:51Z,2026-07-20T12:40:30Z,2.4941666666666666,49,8588,CONTRIBUTOR,3,1,1,2,1,1,0,10
streamlit/streamlit,16076,2026-07-20T10:08:27Z,2026-07-20T12:43:14Z,2.5797222222222222,46,16903,CONTRIBUTOR,3,169,169,338,2,1,0,10
streamlit/streamlit,16073,2026-07-20T10:07:28Z,2026-07-20T12:52:40Z,2.7533333333333334,53,18446,CONTRIBUTOR,3,20,87,107,3,1,0,10
streamlit/streamlit,16072,2026-07-20T10:06:53Z,2026-07-20T12:53:03Z,2.7694444444444444,76,4677,CONTRIBUTOR,3,6,6,12,2,1,0,10
streamlit/streamlit,16071,2026-07-20T10:05:57Z,2026-07-20T12:44:23Z,2.6405555555555558,49,23866,CONTRIBUTOR,3,145,161,306,3,1,0,10
streamlit/streamlit,16068,2026-07-19T20:10:57Z,2026-07-20T13:37:29Z,17.442222222222224,45,2340,CONTRIBUTOR,2,46,2,48,2,1,6,20
streamlit/streamlit,16067,2026-07-19T20:10:45Z,2026-07-20T15:04:38Z,18.898055555555555,63,3293,CONTRIBUTOR,2,129,2,131,6,1,6,20
streamlit/streamlit,16066,2026-07-19T14:17:23Z,2026-07-19T14:20:32Z,0.0525,43,1345,CONTRIBUTOR,0,0,0,0,6,1,6,14
streamlit/streamlit,16060,2026-07-18T13:49:25Z,2026-07-20T15:04:24Z,49.249722222222225,88,3466,CONTRIBUTOR,2,56,10,66,3,3,5,13
streamlit/streamlit,16058,2026-07-18T10:05:03Z,2026-07-20T12:55:00Z,50.8325,43,21005,CONTRIBUTOR,3,2,2,4,1,1,5,10
streamlit/streamlit,16057,2026-07-18T07:22:14Z,2026-07-24T09:09:45Z,145.79194444444445,72,2364,COLLABORATOR,2,2309,32,2341,24,15,5,7
streamlit/streamlit,16051,2026-07-17T10:11:24Z,2026-07-17T12:33:27Z,2.3675,54,4495,CONTRIBUTOR,3,8,8,16,2,2,4,10
streamlit/streamlit,16050,2026-07-17T10:09:49Z,2026-07-17T12:33:55Z,2.401666666666667,83,4334,CONTRIBUTOR,3,2,2,4,2,2,4,10
streamlit/streamlit,16048,2026-07-17T10:08:14Z,2026-07-17T12:04:00Z,1.9294444444444445,36,1220,CONTRIBUTOR,0,2,2,4,1,1,4,10
streamlit/streamlit,16045,2026-07-17T10:05:33Z,2026-07-17T12:34:18Z,2.4791666666666665,79,10376,CONTRIBUTOR,3,9,44,53,3,2,4,10
streamlit/streamlit,16044,2026-07-17T10:04:49Z,2026-07-17T12:34:33Z,2.4955555555555557,87,10794,CONTRIBUTOR,3,172,105,277,2,3,4,10
streamlit/streamlit,16043,2026-07-17T06:55:39Z,2026-07-17T12:05:32Z,5.164722222222222,47,636,COLLABORATOR,2,0,0,0,6,2,4,6
streamlit/streamlit,16040,2026-07-16T12:14:42Z,2026-07-16T22:18:48Z,10.068333333333333,47,849,COLLABORATOR,2,59,20,79,2,4,3,12
streamlit/streamlit,16038,2026-07-16T10:10:31Z,2026-07-16T10:12:29Z,0.03277777777777778,36,1276,CONTRIBUTOR,0,1,27,28,1,1,3,10
streamlit/streamlit,16037,2026-07-16T10:10:14Z,2026-07-20T13:53:36Z,99.72277777777778,48,757,COLLABORATOR,2,90,37,127,5,6,3,10
streamlit/streamlit,16036,2026-07-16T10:09:31Z,2026-07-16T10:12:16Z,0.04583333333333333,36,1198,CONTRIBUTOR,0,2,30,32,1,1,3,10
streamlit/streamlit,16033,2026-07-16T10:06:23Z,2026-07-16T11:36:27Z,1.501111111111111,69,24220,CONTRIBUTOR,4,63,62,125,5,4,3,10
streamlit/streamlit,16031,2026-07-16T10:05:35Z,2026-07-16T10:33:30Z,0.4652777777777778,49,29972,CONTRIBUTOR,3,129,129,258,3,2,3,10
streamlit/streamlit,16026,2026-07-15T20:55:52Z,2026-07-17T18:13:14Z,45.28944444444444,88,6782,CONTRIBUTOR,2,747,303,1050,8,7,2,20
streamlit/streamlit,16021,2026-07-15T17:51:42Z,2026-07-17T15:06:27Z,45.24583333333333,47,1264,CONTRIBUTOR,2,157,14,171,8,6,2,17
streamlit/streamlit,16020,2026-07-15T15:58:02Z,2026-07-16T22:18:14Z,30.336666666666666,54,1291,COLLABORATOR,2,276,112,388,7,6,2,15
streamlit/streamlit,16019,2026-07-15T15:41:58Z,2026-07-16T11:18:33Z,19.60972222222222,55,5531,CONTRIBUTOR,2,349,1,350,4,1,2,15
streamlit/streamlit,16018,2026-07-15T13:06:10Z,2026-07-15T22:33:21Z,9.453055555555556,47,746,COLLABORATOR,2,13,12,25,1,2,2,13
streamlit/streamlit,16017,2026-07-15T12:08:53Z,2026-07-15T22:40:58Z,10.534722222222221,59,880,COLLABORATOR,2,12,1,13,3,2,2,12
streamlit/streamlit,16016,2026-07-15T11:48:08Z,2026-07-15T12:24:44Z,0.61,58,1514,CONTRIBUTOR,2,1,1,2,1,1,2,11
streamlit/streamlit,16014,2026-07-15T10:07:52Z,2026-07-17T13:46:05Z,51.636944444444445,49,2292,COLLABORATOR,2,746,21,767,11,3,2,10
streamlit/streamlit,16013,2026-07-15T08:35:24Z,2026-07-16T08:40:29Z,24.084722222222222,60,1038,COLLABORATOR,2,196,1,197,4,4,2,8
streamlit/streamlit,16009,2026-07-14T19:15:23Z,2026-07-22T21:48:58Z,194.55972222222223,77,4379,CONTRIBUTOR,2,125,1,126,4,6,1,19
streamlit/streamlit,16007,2026-07-14T18:33:58Z,2026-07-14T18:57:11Z,0.3869444444444444,87,5434,CONTRIBUTOR,3,102,102,204,2,1,1,18
streamlit/streamlit,16001,2026-07-14T10:20:02Z,2026-07-14T10:26:20Z,0.105,36,1445,CONTRIBUTOR,0,2,240,242,1,1,1,10
streamlit/streamlit,16000,2026-07-14T10:16:07Z,2026-07-14T10:43:27Z,0.45555555555555555,60,10587,CONTRIBUTOR,3,92,92,184,7,2,1,10
streamlit/streamlit,15997,2026-07-14T10:04:45Z,2026-07-14T10:26:43Z,0.3661111111111111,87,9647,CONTRIBUTOR,3,102,102,204,2,1,1,10
streamlit/streamlit,15996,2026-07-14T09:52:53Z,2026-07-14T18:26:11Z,8.555,44,3546,CONTRIBUTOR,2,233,8,241,3,10,1,9
streamlit/streamlit,15994,2026-07-14T08:11:15Z,2026-07-14T18:31:14Z,10.333055555555555,53,1530,COLLABORATOR,2,172,166,338,46,3,1,8
streamlit/streamlit,15992,2026-07-14T08:03:29Z,2026-07-14T08:07:06Z,0.06027777777777778,43,1475,CONTRIBUTOR,0,0,0,0,3,1,1,8
streamlit/streamlit,15984,2026-07-14T07:15:10Z,2026-07-14T08:06:56Z,0.8627777777777778,30,887,CONTRIBUTOR,2,3,3,6,1,1,1,7
streamlit/streamlit,15983,2026-07-14T07:14:33Z,2026-07-14T08:25:17Z,1.1788888888888889,36,857,CONTRIBUTOR,2,2,2,4,6,2,1,7
streamlit/streamlit,15982,2026-07-14T01:56:45Z,2026-07-14T11:29:01Z,9.537777777777778,78,772,CONTRIBUTOR,2,13,5,18,2,2,1,1
streamlit/streamlit,15981,2026-07-13T23:04:35Z,2026-07-14T18:32:50Z,19.470833333333335,63,403,COLLABORATOR,2,3,0,3,1,1,0,23
streamlit/streamlit,15979,2026-07-13T22:57:09Z,2026-07-13T22:59:03Z,0.03166666666666667,36,1019,CONTRIBUTOR,0,1,1,2,1,1,0,22
streamlit/streamlit,15978,2026-07-13T22:53:55Z,2026-07-13T23:19:24Z,0.4247222222222222,46,15009,CONTRIBUTOR,3,170,170,340,2,1,0,22
streamlit/streamlit,15977,2026-07-13T22:53:40Z,2026-07-13T23:18:44Z,0.4177777777777778,33,13471,CONTRIBUTOR,3,2,2,4,2,2,0,22
streamlit/streamlit,15973,2026-07-13T22:52:29Z,2026-07-13T23:11:58Z,0.32472222222222225,49,11787,CONTRIBUTOR,3,112,163,275,2,1,0,22
streamlit/streamlit,15971,2026-07-13T22:51:12Z,2026-07-14T08:11:01Z,9.330277777777777,61,2550,CONTRIBUTOR,2,11,2,13,2,1,0,22
streamlit/streamlit,15969,2026-07-13T21:49:19Z,2026-07-13T21:50:05Z,0.012777777777777779,43,1534,CONTRIBUTOR,1,0,0,0,3,1,0,21
streamlit/streamlit,15967,2026-07-13T20:34:35Z,2026-07-14T14:56:42Z,18.36861111111111,46,706,COLLABORATOR,2,61,4,65,7,2,0,20
streamlit/streamlit,15964,2026-07-13T17:08:43Z,2026-07-14T17:13:18Z,24.07638888888889,56,552,COLLABORATOR,2,0,40,40,1,1,0,17
streamlit/streamlit,15963,2026-07-13T15:50:45Z,2026-07-14T18:45:34Z,26.913611111111113,58,558,COLLABORATOR,2,16,10,26,3,1,0,15
streamlit/streamlit,15962,2026-07-13T14:14:33Z,2026-07-14T19:56:55Z,29.70611111111111,61,1689,COLLABORATOR,2,173,47,220,5,7,0,14
streamlit/streamlit,15961,2026-07-13T14:02:57Z,2026-07-14T18:25:55Z,28.38277777777778,53,3653,CONTRIBUTOR,2,375,18,393,6,9,0,14
streamlit/streamlit,15958,2026-07-13T10:08:54Z,2026-07-13T11:09:55Z,1.0169444444444444,53,10017,CONTRIBUTOR,3,15,15,30,3,1,0,10
streamlit/streamlit,15956,2026-07-13T10:08:15Z,2026-07-13T16:19:10Z,6.1819444444444445,79,3620,CONTRIBUTOR,3,8,8,16,3,1,0,10
streamlit/streamlit,15955,2026-07-13T10:07:33Z,2026-07-13T10:27:04Z,0.3252777777777778,49,2580,CONTRIBUTOR,3,79,79,158,9,1,0,10
streamlit/streamlit,15954,2026-07-13T10:07:17Z,2026-07-13T12:28:04Z,2.346388888888889,29,8589,CONTRIBUTOR,3,17,17,34,15,2,0,10
streamlit/streamlit,15953,2026-07-13T10:06:22Z,2026-07-13T11:09:24Z,1.0505555555555555,55,24514,CONTRIBUTOR,3,177,193,370,3,1,0,10
streamlit/streamlit,15951,2026-07-13T09:54:32Z,2026-07-14T18:39:27Z,32.74861111111111,55,1688,COLLABORATOR,2,224,30,254,6,3,0,9
streamlit/streamlit,15949,2026-07-12T18:14:39Z,2026-07-13T11:31:08Z,17.274722222222223,68,2967,CONTRIBUTOR,2,35,2,37,2,2,6,18
streamlit/streamlit,15948,2026-07-12T12:34:01Z,2026-07-14T12:55:22Z,48.35583333333334,42,1154,COLLABORATOR,2,19,7,26,4,3,6,12
streamlit/streamlit,15947,2026-07-12T11:29:47Z,2026-07-13T07:43:00Z,20.220277777777778,50,1376,COLLABORATOR,2,29,9,38,4,5,6,11
streamlit/streamlit,15945,2026-07-11T10:03:24Z,2026-07-13T11:09:05Z,49.094722222222224,40,4391,CONTRIBUTOR,3,1,1,2,1,2,5,10
streamlit/streamlit,15944,2026-07-11T10:03:19Z,2026-07-13T11:08:52Z,49.0925,43,4253,CONTRIBUTOR,3,5,5,10,5,2,5,10
streamlit/streamlit,15943,2026-07-11T10:03:04Z,2026-07-13T11:08:39Z,49.09305555555556,43,22628,CONTRIBUTOR,3,2,2,4,1,2,5,10
streamlit/streamlit,15940,2026-07-10T17:38:28Z,2026-07-14T18:26:20Z,96.79777777777778,56,3424,CONTRIBUTOR,2,6,0,6,1,2,4,17
streamlit/streamlit,15938,2026-07-10T10:07:07Z,2026-07-10T16:21:44Z,6.243611111111111,48,4451,CONTRIBUTOR,3,6,6,12,2,1,4,10
streamlit/streamlit,15936,2026-07-10T10:04:54Z,2026-07-10T15:35:01Z,5.501944444444445,87,10877,CONTRIBUTOR,3,102,102,204,2,1,4,10
streamlit/streamlit,15935,2026-07-09T21:17:47Z,2026-07-10T15:51:07Z,18.555555555555557,45,3259,COLLABORATOR,3,221,6,227,6,2,3,21
streamlit/streamlit,15932,2026-07-09T15:02:14Z,2026-07-14T14:43:05Z,119.68083333333334,39,2271,CONTRIBUTOR,2,169,8,177,8,2,3,15
streamlit/streamlit,15930,2026-07-09T13:46:36Z,2026-07-09T22:30:26Z,8.730555555555556,31,999,CONTRIBUTOR,0,0,0,0,0,1,3,13
streamlit/streamlit,15929,2026-07-09T13:42:02Z,2026-07-09T22:31:17Z,8.820833333333333,43,1474,CONTRIBUTOR,0,243,17,260,21,3,3,13
streamlit/streamlit,15928,2026-07-09T12:40:06Z,2026-07-09T15:46:55Z,3.113611111111111,68,1963,CONTRIBUTOR,2,9,1,10,2,1,3,12
streamlit/streamlit,15927,2026-07-09T12:19:16Z,2026-07-09T12:21:59Z,0.04527777777777778,43,1302,CONTRIBUTOR,1,0,0,0,3,1,3,12
streamlit/streamlit,15926,2026-07-09T11:44:57Z,2026-07-15T07:55:48Z,140.18083333333334,47,1177,COLLABORATOR,2,547,41,588,9,6,3,11
streamlit/streamlit,15925,2026-07-09T10:32:10Z,2026-07-09T10:34:25Z,0.0375,31,1082,CONTRIBUTOR,0,0,25,25,1,5,3,10
streamlit/streamlit,15924,2026-07-09T10:27:40Z,2026-07-09T10:34:15Z,0.10972222222222222,31,1261,CONTRIBUTOR,0,0,25,25,1,4,3,10
streamlit/streamlit,15922,2026-07-09T10:22:59Z,2026-07-09T10:34:03Z,0.18444444444444444,31,1084,CONTRIBUTOR,0,0,25,25,1,3,3,10
streamlit/streamlit,15920,2026-07-09T10:18:06Z,2026-07-09T10:33:54Z,0.2633333333333333,31,1236,CONTRIBUTOR,0,0,25,25,1,2,3,10
streamlit/streamlit,15919,2026-07-09T10:13:35Z,2026-07-09T10:33:41Z,0.335,36,1094,CONTRIBUTOR,0,0,25,25,1,1,3,10
streamlit/streamlit,15918,2026-07-09T10:09:10Z,2026-07-09T11:17:10Z,1.1333333333333333,68,4184,CONTRIBUTOR,3,6,31,37,3,6,3,10
streamlit/streamlit,15917,2026-07-09T10:08:50Z,2026-07-09T10:34:54Z,0.43444444444444447,46,6340,CONTRIBUTOR,3,8,8,16,3,1,3,10
streamlit/streamlit,15916,2026-07-09T10:07:23Z,2026-07-09T10:35:10Z,0.46305555555555555,67,9267,CONTRIBUTOR,3,6,6,12,2,1,3,10
streamlit/streamlit,15914,2026-07-09T10:06:40Z,2026-07-09T11:10:22Z,1.0616666666666668,59,7105,CONTRIBUTOR,3,15,15,30,3,1,3,10
streamlit/streamlit,15913,2026-07-09T10:05:06Z,2026-07-09T11:56:08Z,1.8505555555555555,49,7674,CONTRIBUTOR,3,110,110,220,2,2,3,10
streamlit/streamlit,15912,2026-07-09T08:56:58Z,2026-07-09T15:01:47Z,6.080277777777778,53,2572,CONTRIBUTOR,2,193,14,207,2,3,3,8
streamlit/streamlit,15910,2026-07-08T23:43:45Z,2026-07-14T18:58:11Z,139.24055555555555,39,979,COLLABORATOR,2,427,5,432,19,8,2,23
streamlit/streamlit,15907,2026-07-08T21:01:51Z,2026-07-14T18:34:26Z,141.54305555555555,44,1083,COLLABORATOR,2,91,0,91,2,3,2,21
streamlit/streamlit,15906,2026-07-08T20:28:02Z,2026-07-08T20:46:53Z,0.31416666666666665,47,10528,CONTRIBUTOR,3,3,3,6,1,1,2,20
streamlit/streamlit,15904,2026-07-08T16:17:07Z,2026-07-10T07:48:04Z,39.51583333333333,53,3976,CONTRIBUTOR,2,470,2,472,14,1,2,16
streamlit/streamlit,15903,2026-07-08T15:57:20Z,2026-07-08T20:21:40Z,4.405555555555556,55,3501,CONTRIBUTOR,2,255,2,257,1,1,2,15
streamlit/streamlit,15901,2026-07-08T15:30:34Z,2026-07-14T21:56:46Z,150.43666666666667,56,2173,CONTRIBUTOR,2,216,4,220,2,4,2,15
streamlit/streamlit,15900,2026-07-08T15:28:25Z,2026-07-08T23:54:39Z,8.437222222222223,61,2437,CONTRIBUTOR,2,202,7,209,4,2,2,15
streamlit/streamlit,15898,2026-07-08T10:10:38Z,2026-07-08T10:40:29Z,0.4975,36,343,CONTRIBUTOR,0,2,2,4,1,1,2,10
streamlit/streamlit,15897,2026-07-08T10:09:22Z,2026-07-08T10:10:14Z,0.014444444444444444,36,343,CONTRIBUTOR,0,2,2,4,1,1,2,10
streamlit/streamlit,15896,2026-07-08T10:06:51Z,2026-07-08T11:00:38Z,0.8963888888888889,87,9600,CONTRIBUTOR,3,203,136,339,2,2,2,10
streamlit/streamlit,15895,2026-07-08T10:05:17Z,2026-07-08T10:40:20Z,0.5841666666666666,50,36844,CONTRIBUTOR,3,91,90,181,3,2,2,10
streamlit/streamlit,15894,2026-07-08T08:56:59Z,2026-07-08T11:37:59Z,2.683333333333333,48,1327,COLLABORATOR,2,194,18,212,5,3,2,8
streamlit/streamlit,15889,2026-07-07T20:55:23Z,2026-07-08T11:46:39Z,14.854444444444445,48,1449,COLLABORATOR,2,54,194,248,9,1,1,20
streamlit/streamlit,15888,2026-07-07T19:16:24Z,2026-07-07T19:19:51Z,0.0575,43,462,CONTRIBUTOR,0,0,0,0,10,1,1,19
streamlit/streamlit,15887,2026-07-07T18:54:53Z,2026-07-07T19:01:39Z,0.11277777777777778,43,462,CONTRIBUTOR,0,0,0,0,18,1,1,18
streamlit/streamlit,15886,2026-07-07T17:23:44Z,2026-07-09T15:02:29Z,45.645833333333336,60,3244,CONTRIBUTOR,2,15,0,15,1,1,1,17
streamlit/streamlit,15885,2026-07-07T16:59:37Z,2026-07-09T15:45:56Z,46.77194444444444,53,3197,CONTRIBUTOR,2,17,2,19,2,5,1,16
streamlit/streamlit,15884,2026-07-07T16:25:11Z,2026-07-13T10:02:11Z,137.61666666666667,79,1923,COLLABORATOR,2,1799,355,2154,101,15,1,16
streamlit/streamlit,15883,2026-07-07T16:20:52Z,2026-07-07T16:21:52Z,0.016666666666666666,43,462,CONTRIBUTOR,0,0,0,0,24,1,1,16
streamlit/streamlit,15882,2026-07-07T15:40:11Z,2026-07-07T16:52:24Z,1.2036111111111112,40,2990,CONTRIBUTOR,2,15,1,16,1,3,1,15
streamlit/streamlit,15880,2026-07-07T14:13:17Z,2026-07-09T22:44:43Z,56.52388888888889,52,1590,COLLABORATOR,2,125,165,290,16,2,1,14
